employer,num_workers
INTEL CORPORATION,526
INFOSYS LIMITED,424
WIPRO LIMITED,274
"NIKE, INC.",137
OREGON STATE UNIVERSITY,104
OREGON HEALTH & SCIENCE UNIVERSITY,93
COGNIZANT TECHNOLOGY SOLUTIONS U.S. CORPORATION,80
IBM INDIA PRIVATE LIMITED,75
SYNTEL CONSULTING INC.,69
TATA CONSULTANCY SERVICES LIMITED,65
UNIVERSITY OF OREGON,60
ACCENTURE LLP,59
"HCL AMERICA, INC.",47
ADVANTAGE IT INC,45
INTEL MOBILE COMMUNICATIONS NORTH AMERICA,41
UST GLOBAL INC,38
SYNTEL INC,37
MENTOR GRAPHICS CORPORATION,33
HITEK FORCE LLC,33
DELOITTE CONSULTING LLP,31
"HEXAWARE TECHNOLOGIES, INC.",30
VRN JOBS LLC,27
LAM RESEARCH CORPORATION,26
"TECH MAHINDRA (AMERICAS),INC.",24
"ARRGEE SOLUTIONS, LLC",23
"MAVENSOFT TECHNOLOGIES, LLC.",22
CENTIZEN INC,21
CAPGEMINI AMERICA INC,19
PORTLAND GENERAL ELECTRIC COMPANY,18
ASANTE PHYSICIAN PARTNERS,18
"W/H/I/P SYSTEMS, LLC D/B/A AROGHIA GROUP, LLC",18
IBM CORPORATION,16
POPULUS GROUP LLC,16
"UTI UNITED STATES, INC.",15
EBAY INC.,15
"NAJSOFT, INC",14
KLA-TENCOR CORPORATION,14
PEACEHEALTH,14
QUADRANT 4 SYSTEM CORPORATION,13
TECHNOSOFT CORPORATION,13
KNOWLEDGE LENS LLC,13
PORTLAND STATE UNIVERSITY,13
SALESFORCE.COM INC.,12
"THEME SOFT, INC.",11
KFORCE INC.,11
"HEALTH CAROUSEL, LLC",11
"V-SOFT CONSULTING GROUP, INC",11
DAIMLER TRUCKS NORTH AMERICA LLC,10
"JIREH SEMICONDUCTOR, INC.",10
FEI COMPANY,10
CORILLIAN CORPORATION,10
NVIDIA CORPORATION,9
"AGREEYA SOLUTIONS, INC.",9
"PROKARMA, INC.",9
HITACHI CONSULTING CORPORATION,9
HCL GLOBAL SYSTEMS INC,9
"APPLIED MATERIALS, INC.",9
"TEKTRONIX, INC.",9
"XPO ENTERPRISE SERVICES, INC.",9
SALEM HOSPITAL,9
PACIFICORP,9
ARICENT TECHNOLOGIES (HOLDINGS) LTD.,8
"MAXIM INTEGRATED PRODUCTS, INC.",8
ARICENT N.A.,8
"CAMBIA HEALTH SOLUTIONS, INC.",8
PRODAPT NORTH AMERICA,8
KSOFT SYSTEMS INC,8
OREGON HEALTH &AMP; SCIENCE UNIVERSITY,8
"COOLSOFT, LLC",8
ASOFT CONSULTING LLC,8
STANDARD INSURANCE COMPANY,8
HURON CONSULTING SERVICES LLC,8
"GSPANN TECHNOLOGIES, INC.",7
"TECHPILLARS, INC.",7
"SYNOPSYS, INC.",7
CSC COVANSYS CORPORATION,7
"ARRIS SOLUTIONS, INC.",7
"MAJESCO SOFTWARE AND SOLUTIONS, INC.",7
NATSOFT CORPORATION,7
SYSTEM SOFT TECHNOLOGIES LLC,7
ERNST & YOUNG U.S. LLP,7
"VAKTECH CORPORATION, LLC",7
"QORVO US, INC.",7
"THOMSON REUTERS (TAX & ACCOUNTING), INC.",7
RENTRAK CORPORATION,7
"RENAL CARE CONSULTANTS, P.C.",7
PROVIDENCE HEALTH & SERVICES - OREGON,7
"APOGEE MEDICAL GROUP, PC",6
QUALITY MATRIX INC,6
"ITC INFOTECH (USA), INC.",6
"SKY LAKES MEDICAL CENTER, INC.",6
"NIKE USA, INC.",6
"ADIDAS INTERNATIONAL, INC.",6
"ENSOFTEK, INC.",6
"NAGARRO, INC.",6
"SMARTPLAY, INC.",6
DELOITTE & TOUCHE LLP,6
"TECH MAHINDRA (AMERICAS), INC.",6
"NEW RELIC, INC.",6
"FIRST TEK , INC.",6
PACIFICSOURCE,6
"TRIQUINT SEMICONDUCTOR, INC.",5
"ALINDUS, INC.",5
USZCN LLC,5
INTEL FEDERAL LLC,5
SVI AMERICA CORPORATION,5
FRENCH AMERICAN INTERNATIONAL SCHOOL,5
"ADITI STAFFING, LLC",5
CYMA SYSTEMS INC,5
"ERP GLOBAL, INC.",5
"FAITHFUL+GOULD, INC.",5
EVEREST COMPUTERS INC.,5
"ORACLE AMERICA, INC.",5
"SPERIDIAN TECHNOLOGIES, LLC",5
"SOUTHERN OREGON HOSPITALISTS, PC",5
NORTHWEST EVALUATION ASSOCIATION,5
EMC CORPORATION,5
ICONSOFT INC.,5
SIRI INFOSOLUTIONS INC.,5
"MICRO SYSTEMS ENGINEERING, INC.",5
"3I INFOTECH, INC.",5
"ONCORRE, INC.",5
PIONEER CONSULTING SERVICES LLC,5
"MU SIGMA, INC.",5
L&T TECHNOLOGY SERVICES LIMITED,5
3EDGEUSAGROUP LLC,5
"JIVE SOFTWARE, INC.",4
"TATA TECHNOLOGIES, INC.",4
IXIA,4
INTEL MOBILE COMMUNICATIONS,4
"INTEL FEDERAL, INC.",4
INNOVAPATH INCORPORATED,4
"TABNER, INC.",4
"HORIZONSOFTSOLUTIONS, INC",4
"EXTERRO, INC.",4
"GSS INFOTECH CT, INC.",4
"SYNAPSE DESIGN AUTOMATION, INC.",4
APPS SOLUTIONS INC,4
"SIGMA GROUP, INC.",4
"SHRINERS HOSPITAL FOR CHILDREN, PORTLAND",4
SAPERE LLP,4
"SALESFORCE.COM, INC.",4
UST GLOBAL INC.,4
"BLOUNT, INC.",4
"RARE MILE TECHNOLOGIES, INC.",4
ADITI STAFFING LLC,4
ADITI TECHNOLOGIES PVT. LTD.,4
PROMINENT IT SOLUTIONS LLC,4
PRICEWATERHOUSECOOPERS LLP,4
"CDK GLOBAL, LLC",4
UNITED SOFTWARE GROUP INC.,4
"PARAMOUNT GLOBAL SOLUTIONS, INC.",4
CLOUDWICK TECHNOLOGIES INC.,4
OMEGA SOLUTIONS INC,4
COOLSOFT LLC,4
CORVEL CORPORATION,4
MULTNOMAH COUNTY OREGON,4
MINDTREE LIMITED,4
MERCY MEDICAL CENTER (ROSEBURG),4
"MARKETO, INC.",4
"TECH-LANCE SOLUTIONS, INC.",4
"KAIROS TECHNOLOGIES, INC",4
"WIEDEN + KENNEDY, INC.",3
PROVIDENCE HEALTH & SERVICES - WASHINGTON,3
QUANTUM SPATIAL,3
OSAIR TECHNOLOGIES LLC,3
"TRAFFIC TECHNOLOGY SERVICES, INC.",3
"TOKYO ELECTRON AMERICA, INC.",3
REED COLLEGE,3
ELEMENTAL TECHNOLOGIES LLC,3
SAIF CORPORATION,3
"ACTIUM CONSULTING, LLC",3
"SAP AMERICA, INC.",3
"BAMBOO TECHNOLOGIES, INC",3
SARAYU CONSULTANTS INC,3
"SASKEN COMMUNICATION TECHNOLOGIES, LTD.",3
ON SEMICONDUCTOR,3
ANALOG DEVICES INC,3
"VALUEMOMENTUM, INC.",3
COMPANION PET CLINIC,3
"AUTODESK, INC.",3
"NTT DATA, INC.",3
VESTA CORPORATION,3
NORTHWEST CHRISTIAN UNIVERSITY,3
NORTHWEST CHINESE ACADEMY,3
NITEOSOFT INC,3
SOFTHQ,3
SOFTPATH SYSTEM LLC,3
"INTEL FEDERAL, LLC",3
ASPEN DENTAL OF OREGON PC,3
ASIAN HEALTH & SERVICE CENTER,3
VIRINCHI TECHNOLOGIES LTD,3
"ASAR AMERICA, INC.",3
CORP2CORP INC,3
TECH MAHINDRA (AMERICAS) INC.,3
"NAJSOFT, INC.",3
SULZER PUMPS (US) INC.,3
"CVENT, INC.",3
SULZER PUMPS US INC.,3
SYMANTEC CORPORATION,3
"GLOBAL TECHNOLOGY ASSOCIATES, LLC",3
"GLOBAL TOUCHPOINTS, INC. DUNS# 13-8058305",3
FORMAC INC,3
IPOLARITY LLC,3
"SYSFORE TECHNOLOGIES, INC.",3
WACOM TECHNOLOGY CORPORATION,3
"ITECH US, INC.",3
HEALTH WRIGHT PRODUCTS INC.,3
"EZ2 TECHNOLOGIES, INC.",3
"EBS HEALTHCARE, INC.",3
"HIRO CHIROPRACTIC, LLC",3
"EVERGE GROUP, LLC",3
"HORIZON CONSULTING, INC.",3
HORIZON TECHNOLOGIES INC,3
"MAVEN COMPANIES, INC.",3
ECODISTRICTS,3
ESCO CORPORATION,3
MADUGULA LLC,3
"JELD-WEN, INC.",3
LOGIC PLANET CS INC,3
"DELASOFT, INC.",3
"ANU SOFTWARE CONSULTANTS, INC.",3
"ICONMA, LLC",3
"LIFE CARE CENTERS OF AMERICA, INC.",3
LEWIS AND CLARK COLLEGE,3
"ZIBA DESIGN, INC.",3
"ENERGY TOOLS INTERNATIONAL, LLC",3
"DIABETOMICS, INC.",3
DIASPARK INC,3
LATTICE SEMICONDUCTOR CORPORATION,3
"PERFICIENT, INC.",3
"CATENA CONSULTING ENGINEERS, INC.",3
"4S TECHNOLOGIES, LLC",3
"CAREOREGON, INC.",3
DIGIMARC CORPORATION,3
POWIN (USA) CORPORATION,3
ZIMMER GUNSUL FRASCA ARCHITECTS LLP,3
CHILDREN'S CANCER THERAPY DEVELOPMENT INSTITUTE,3
"TRG TRADING CO., LLC",3
CABOT MICROELECTRONICS CORPORATION,3
"INNOVATIVE CONSULTING, INC.",3
"PARAGON BIOTECK, INC.",3
HOMETOWN DRUGS OF SWEET HOME INC.,2
3S BUSINESS CORPORATION,2
AAXIS GROUP CORPORATION,2
"ABSCI, LLC",2
"ACADIA TECHNOLOGIES, INC.",2
ACT-ON SOFTWARE,2
"ADVANTECS GROUP, INC",2
ADVENT GLOBAL SOLUTIONS INC.,2
"AFFINE, INC.",2
"AITA CONSULTING SERVICES, INC.",2
AMICUS SYSTEMS INC,2
"ANJANEYAP, INC.",2
AP MEMORY CORP USA,2
"APEX TECHNOLOGY SYSTEMS, INC",2
ARICENT N.A. INC.,2
"ARROW ELECTRONICS, INC.",2
ASHLAND PARTNERS & COMPANY LLP,2
AURIGO SOFTWARE TECHNOLOGIES INC.,2
"AVANT HEALTHCARE PROFESSIONALS, LLC",2
AWOIT SYSTEMS INC,2
AZIMETRY INC.,2
BATTELLE MEMORIAL INSTITUTE,2
"BAY CLINIC, LLP",2
BEET INC.,2
"BELL INFO SOLUTIONS,LLC",2
"BIZTEK PEOPLE, INC.",2
BLACK & VEATCH CORPORATION,2
BRIDGEWELL RESOURCES LLC,2
"BROWSE2PATH, INC",2
"BUEHNER-FRY, INC.",2
"BYTEFIELD, INC.",2
"CANDOR GROUP, INC.",2
"CAPRICORN SYSTEMS, INC.",2
"CASCADE CARDIOLOGY, LLC",2
"CEREBRAL TECHNOLOGIES, INC.",2
"CH2M HILL, INC.",2
"CHARTER GLOBAL, INC",2
CHATECK INC,2
"CHIN'S IMPORT EXPORT CO., INC.",2
CHOOSE GROWTH LLC,2
"CIKLUM, INC.",2
CITY OF PORTLAND,2
"CLACKAMAS SPORTSCARE, LLC",2
COGENT INFOTECH CORPORATION,2
COLUMBIA SPORTSWEAR COMPANY,2
CYBERMASS SOLUTIONS INC,2
CYBERNET SOLUTIONS INC,2
CYBERTHINK INC,2
"CYGNET TECHNOLOGIES, INC.",2
DEBIAN SYSTEMS INC,2
DEREX TECHNOLOGIES INC,2
"DEREX TECHNOLOGIES, INC",2
"DWFRITZ AUTOMATION, INC.",2
EBARA TECHNOLOGIES INC.,2
"EBY-BROWN COMPANY, LLC",2
"ELECTRO SCIENTIFIC INDUSTRIES, INC.",2
EMMERT INDUSTRIAL CORP.,2
EPEOPLE TECHNOLOGIES INC,2
EPIQ CLASS ACTION & CLAIM SOLUTIONS INC.,2
ERNST &AMP; YOUNG U.S. LLP,2
"ERP ANALYSTS, INC.",2
FATECLICK LLC,2
FIRST TEK INC.,2
"FLEET LOGISTICS, INC.",2
FOREFRONT INC,2
FRESH ELEMENTS FARMS LLC,2
"FUSION PLUS SOLUTIONS, INC",2
GALAXUX INC.,2
"GAVS TECHNOLOGIES, N.A., INC.",2
"GEMTALK SYSTEMS, LLC",2
"GENENTECH, INC.",2
GENUINEIT LLC,2
GEORGE FOX UNIVERSITY,2
GOOD SHEPHERD MEDICAL CENTER,2
GREEN ENERGY CORP,2
GSPANN TECHNOLOGIES INC.,2
"GTSS, INC",2
"HADIAMONDSTAR SOFTWARE SOLUTIONS, LLC",2
"HDR ENGINEERING, INC.",2
"HEWLETT-PACKARD STATE & LOCAL ENTERPRISE SERVICES, INC.",2
"HIRE IT PEOPLE, LLC",2
HOPE CHINESE CHARTER SCHOOL,2
HOWARD HUGHES MEDICAL INSTITUTE,2
"HP ENTERPRISE SERVICES, LLC",2
HP INC.,2
"I2SOLVERS, INC.",2
IMAGINATION TECHNOLOGIES LLC,2
"INFOSHARE SYSTEMS, INC.",2
INJ SOFTWARE SOLUTIONS LLC,2
INTELLISWIFT SOFTWARE INC,2
ISOVOLTA INC.,2
"IT RESOURCES, INC.",2
"ITG INVESTMENT RESEARCH, LLC",2
"ITRACE FOUNDATION, INC.",2
"JELD-WEN, INC",2
JIREH SOLUTIONS LLC,2
"JOHN WEBB CONSTRUCTION AND DESIGN, LLC",2
"KAIZEN TECHNOLOGIES,NC.",2
"KIPOR POWER EQUIPMENT, INC.",2
"KITTELSON & ASSOCIATES, INC.",2
"KOLLECTIVE TECHNOLOGY, INC.",2
KPMG LLP,2
KRONSYS INC.,2
LEVITON MANUFACTURING CO. INC.,2
LOWER UMPQUA HOSPITAL DISTRICT,2
"M-SIX TECHNOLOGY, INC.",2
"MAANTIC, INC.",2
MAGNUS TECHNOLOGY SOLUTIONS INC,2
MARIN SOFTWARE INC.,2
MARION COUNTY FINANCIAL SERVICES,2
"MEDICAL MANAGEMENT INTERNATIONAL, INC.",2
MEGATEX SOLUTIONS LLC.,2
"MINDSOR, LLC",2
MULTNOMAH COUNTY SCHOOL DIST 1J,2
MUSIGMA INC,2
NALASHAA LLC,2
"NEXGEN TECHNOLOGIES, LLC",2
NITYO INFOTECH CORP,2
NO 1 HOT POT LLC,2
NOKIA SOLUTIONS AND NETWORKS US LLC,2
"NORPAC FOODS, INC.",2
"NORTH BEND MEDICAL CENTER, INC",2
"NORTH BEND MEDICAL CENTER, INC.",2
NY SYSTEMS INC.,2
"OCHIN, INC.",2
"OLSSON INDUSTRIAL ELECTRIC, INC.",2
OMEGA SOLUTIONS INC.,2
"OPEN-MESH, INC.",2
"P3 NORTH AMERICA, INC.",2
"PANIC, INC.",2
PARAMOUNT GLOBAL SOLUTIONS INC,2
PARAMOUNT SOFTWARE SOLUTIONS,2
"PARANSYS, INC.",2
"PATHEON DEVELOPMENT SERVICES, INC",2
"PIORION SOLUTIONS, INC.",2
PLANB CONSULTANCY INTERNATIONAL LLC,2
"PRECISION STRUCTURAL ENGINEERING, INC.",2
"PROCAL TECHNOLOGIES INC.,",2
PRODAPT NORTH AMERICA INC.,2
"PROFICIENT BUSINESS SYSTEMS, INC.",2
PROSPERO EQUIPMENT CORPORATION,2
PROVIDENCE HEALTH & SERVICES- OREGON,2
PROVIDENCE HEALTH & SERVICES-WASHINGTON,2
"QUEST GLOBAL SERVICES-NA, INC",2
"QUIKFYND, INC.",2
RADISYS CORPORATION,2
RAPIDIT INC.,2
RENEWABLE FUNDING LLC,2
"REXEL, INC.",2
"RH TECHNOLOGY, INC",2
"SAGE IT, INC.",2
SALESFORCE.COM.INC.,2
SANN IT SOLUTIONS,2
SAPIENT CORPORATION,2
SAPPHIRE SOFTWARE SOLUTIONS INC,2
"SENSORY, INC.",2
SERVESYS CORPORATION,2
"SHAKTI GROUP, INC.",2
"SILVERXIS, INC",2
SIMPLE FINANCE TECHNOLOGY CORPORATION,2
"SIMPLEX INFO SYSTEMS, INC",2
"SMART SOLUTIONS, INC",2
SOFTPATH TECHNOLOGIES LLC,2
"SOFTPATH TECHNOLOGIES, LLC",2
SOFTWARE GLOBAL LTD,2
SOLTERRA SYSTEMS INC OF OREGON,2
SPRYOS CORPORATION,2
"STANLEY BLACK & DECKER, INC.",2
"STRATEDGE, INC",2
"SUMMIT REAL ESTATE MANAGEMENT, LLC",2
"SUNDBERG NICKS CPAS, LLC",2
SUPER SOFT SOLUTIONS INC,2
TANISHA SYSTEMS INC,2
TERADYNE INFOTECH,2
TESCRA INC,2
THE CADMUS GROUP INC.,2
"THEMESOFT, INC.",2
TRISYNC TECHNOLOGIES INC.,2
"UNIVERSITY OF CALIFORNIA, SAN DIEGO",2
UNIVERSITY OF PORTLAND,2
UNIVERSITY OF WESTERN STATES,2
"VASTIKA, INC.",2
VEDICSOFT SOLUTIONS LLC,2
VIGILANT TECHNOLOGIES LLC,2
"VIGNA SOLUTIONS, INC.",2
VIVSOFT TECHNOLOGIES LLC,2
WAGGENER EDSTROM WORLDWIDE INC.,2
"WEB.COM GROUP, INC.",2
WILLIAMETTE UNIVERSITY,2
WORKANDCO INTERNATIONAL INC.,2
YAKIMA VALLEY FARM WORKERS CLINIC,2
"YASH & LUJAN CONSULTING, INC.",2
ZASPAR TECHNOLOGIES LLC,2
"ZASPAR TECHNOLOGIES, INC.",2
INTUNE SYSTEMS INC,1
INVENSYS INC,1
"IPIVOT, LLC",1
EDUCATION NORTHWEST,1
IQ SPECTRA INC,1
ISLER NORTHWEST LLC,1
ISOFTECH INC,1
TRAIL BLAZERS INC.,1
IT AMERICA INC,1
"TRANSFORMER SERVICES, INC.",1
EDGEIT CORP,1
"ECOVA, INC.",1
"TRANSPERFECT TRANSLATIONS INTERNATIONAL, INC.",1
ITNEWTON INC,1
AFTERALL INC.,1
"ITUUS USA, INC.",1
IWORLD TRANSLATIONS 26,1
ECOM SOLUTIONS INC,1
J AND J SNACK FOODS CORP.,1
J E MOODY & COMPANY LLC,1
JACKSON COUNTY SCHOOL DISTRICT #6,1
"JAMA SOFTWARE, INC.",1
"JAVEN TECHNOLOGIES, INC.",1
"TRINAMIX, INC.",1
"ECLOUD LABS,INC.",1
"JIBE CONSULTING, INC.",1
"ECLINICALWORKS, LLC",1
"AEROTEK, INC.",1
"EBAY, INC.",1
JNIT TECHNOLOGIES,1
WORLD LOGISTICS SOLUTIONS LLC,1
"JONES LANG LASALLE AMERICAS, INC.",1
"JSR MICRO, INC.",1
JULIET ZULU INC.,1
JURNEY TO COMPLETION CENTER,1
KADLEC REGIONAL MEDICAL CENTER,1
EASYPOWER LLC,1
TRUSTEK INC.,1
KANAP SYSTEMS LLC,1
"KARISJOLEE, INC.",1
KATALYST TECHNOLOGIES INC,1
KCURA LLC,1
"KEEN, INC.",1
KELLTON TECH INC,1
"EASI, LLC",1
KIECKHAFER SCHIFFER AND COMPANY LLP,1
"KINETICOM, INC.",1
TURNER CONSTRUCTION COMPANY,1
"TUV SUD AMERICA, INC.",1
E-IT PROFESSIONALS CORP.,1
"DOWNSTREAM, LLC",1
KNOWLEDGE UNIVERSE EDUCATION LLC,1
"TYCO ELECTRONICS CORPORATION, A TE CONNECTIVITY LTD. COMPANY",1
U.S. BANK NATIONAL ASSOCIATION,1
"U.S. TECH SOLUTIONS, INC.",1
"DOUBLEDUTCH, INC.",1
"L AND T TECHNOLOGY SERVICES, LTD.",1
"DLR GROUP, INC.",1
L'ETOILE FRENCH IMMERSION SCHOOL,1
DIVENSI INC.,1
"LANCESOFT, INC.",1
LARA TEKIES INC,1
"DIASPARK, INC.",1
"LCC INTERNATIONAL, INC.",1
LE MONDE IMMERSION,1
LEASE CRUTCHER LEWIS,1
"LEGACY CLINICS, LLC",1
"LEGACY CLINICS, LLC (DBA LEGACY MEDICAL GROUP)",1
LEGACY EMANUEL HOSPITAL AND HEALTH CENTER,1
LEGACY GOOD SAMARITAN HOSPITAL AND MEDICAL CENTER,1
LEGACY HEALTH,1
"LENSBABY, INC.",1
"UBER TECHNOLOGIES, INC.",1
LEWIS & CLARK COLLEGE,1
DENKEN SOLUTIONS INC,1
DELOITTE TAX LLP,1
LINFIELD COLLEGE,1
"LINX ACQUISITIONS, LLC",1
"LIPMAN-PORTLAND, LLC",1
LIZOM GROUP INC,1
"LOCKHEED MARTIN OPERATIONS SUPPORT, INC.",1
LOGAN DATA INC,1
DEEMSYS INC,1
LOOSEN CHRISTOPHER WINES LLC,1
"UKTHA GLOBAL, INC.",1
"LRS ARCHITECTS, INC.",1
M SCIENCE LLC,1
"UNDER ARMOUR, INC.",1
"UNIQUE KEY RESOURCES,INC",1
"DEALERTRACK, INC.",1
"MAGANTI IT RESOURCES, LLC",1
"UNITED BUSINESS SOLUTIONS, INC.",1
DE PONTE CELLARS LLC,1
MAPLE SOFTWARE LLC,1
MARC A NORDSTROM DMD PC,1
UNITED SOFTWARE ASSOCIATES,1
AEROHIVE NETWORKS INC,1
DAVE'S KILLER BREAD,1
"MARLABS, INC.",1
"MARYLAND FREE HEALTH CLINIC, INC",1
MASSACHUSETTS MUTUAL LIFE INSURANCE COMPANY,1
"MATMARKET, LLC",1
"DATALYSYS, LLC",1
"DATALOGIC HOLDINGS, INC.",1
DASSAULT SYSTEMES BIOVIA CORP.,1
"MCKENZIE PHYSICIAN SERVICES, LLC",1
UNIVERSAL SOFTWARE CORPORATION,1
"UNIVERSAL SYSTEM TECHNOLOGIES, INC.",1
"D'AMATO CONVERSANO, INC.",1
MERCY CORPS,1
MERCY MEDICAL CENTER,1
"CYSTEMS LOGIC, INC.",1
"MET-TEK, INC.",1
METHODICA TECHNOLOGIES LLC,1
CYPRESS SEMICONDUCTOR CORPORATION,1
MICROLAND LIMITED,1
MICROSOFT CORPORATION,1
MID-COLUMBIA MEDICAL CENTER,1
MIDAS MANAGEMENT AND RESEARCH,1
"MILLENNIUM INFO TECH, INC.",1
MILLENNIUMSOFT INC.,1
"MINDLANCE, INC.",1
WU ZHONG (AMERICA) SERVICE FOR CULTURAL EDUCATION & COMMUNICATION LTD.,1
"CYLANCE, INC",1
"MODULUS CONSULTING, LLC",1
MONDELEZ GLOBAL LLC,1
"MORNINGSTAR, INC.",1
MOURI TECH LLC,1
"MSRCOSMOS, LLC",1
"CYGTEC, INC.",1
CYGNET TECHNOLOGIES INC,1
UNIVERSITY OF ILLINOIS,1
UNIVERSITY OF MICHIGAN,1
"N2 SERVICES, INC.",1
"CYG TEC, INC.",1
"CWC INTERNATIONAL, INC.",1
CRITICALRIVER INC.,1
"ADPEARANCE, INC.",1
"NATIONAL COLLEGE OF NATURAL MEDICINE, NCNM",1
NATIONAL UNIVERSITY OF NATURAL MEDICINE,1
"CORELOGIC SOLUTIONS, LLC",1
"NESS USA, INC.",1
"NETRA TECHNOLOGIES, INC.",1
"NEUDESIC, LLC",1
"NEW DREAM, INC.",1
COOS COUNTY OREGON,1
"NEXANT, INC.",1
"WUYOUEX, LLC",1
NIC INFO TEK INC,1
NIFTEK INC,1
"NIKE RETAIL SERVICES, INC.",1
"CONSIGA TECHNOLOGIES, INC.",1
CONFERRA SOFTWARE,1
CONCORDIA UNIVERSITY,1
"WVP MEDICAL GROUP, LLC",1
"URBAN AIRSHIP, INC.",1
URBANE SYSTEMS LLC,1
"URL SYSTEMS, INC.",1
NORTH BEND MEDICAL CENTER INC.,1
"URS ENERGY & CONSTRUCTION, INC.",1
US IT SOLUTIONS INC,1
NORTH JACKSON COMPANY,1
"NORTH TECHNOLOGY GROUP, LLC",1
NORTHWEST ACUPUNCTURE CENTER LLC,1
CON-WAY ENTERPRISE SERVICES,1
COMTEK GLOBAL INC,1
COMPUGA INC,1
"NORTHWEST HUMAN SERVICES, INC.",1
"NORTHWEST RENAL CLINIC, INC.",1
"COMPLI, LLC",1
"NUMBERS ONLY, INC.",1
"COMPETENT SYSTEMS, INC",1
US SOFTWARE PROFESSIONALS INC,1
OAKSTON TECHNOLOGIES,1
"OAKSTON TECHNOLOGIES, LLC",1
ADITI CONSULTING LLC,1
OECO LLC,1
"ADIDAS AMERICA, INC.",1
COLUMBIA MEMORIAL HOSPITAL,1
ADBAKX LLC,1
COLLINS PINE COMPANY,1
"COLLEGENET, INC.",1
"ONLY IT CONSULTING, LLC",1
OPAL LABS,1
ACWIRON GLOBAL SOLUTIONS LLC,1
OPENLOGIX CORPORATION,1
CODE UNLIMITED LLC,1
OREGON CATHOLIC PRESS,1
COALITION OF COMMUNITIES OF COLOR,1
"CLOUDWICK TECHNOLOGIES, INC.",1
OREGON HEALTH AND SCIENCE UNIVERSITY,1
OREGON INSTITUTE OF TECHNOLOGY,1
"CLAIMS SERVICES GROUP, LLC",1
OREGRO SEEDS INCORPORATED,1
"ORIGIN NETWORKS, LLC",1
"CITY OF EUGENE, HUMAN RESOURCE & RISK SERVICES",1
ACTIUM CONSULTING INC.,1
"PACIFIC CASCADE ENTERPRISES, INC.",1
"PACIFIC HEADWEAR & PROMOTIONS, INC.",1
PACIFIC UNIVERSITY,1
CITIUSTECH INC,1
CINERGY TECHNOLOGY INC.,1
PALACE GATE CORPORATION,1
"PAMTEN, INC.",1
"V.L.S SYSTEMS, INC",1
"CIBER, INC.",1
ACROSS BORDERS MANAGEMENT CONSULTING GROUP LLC,1
CHOOSE GROWTH LLC.,1
"VALLISCOR, LLC",1
"ACME ATRONOMATIC, LLC",1
"VANDERHOUWEN & ASSOCIATES, INC.",1
"PAVEMENT SERVICES, INC.",1
"PCB APPS, LLC.",1
CENTRAL CATHOLIC HIGH SCHOOL,1
"PEDIATRIC PHYSICAL THERAPY, INC.",1
"PELCO, INC.",1
"PERCIPIO CONSULTING GROUP, INC.",1
"CENTENNIAL MEDICAL GROUP, INC.",1
PERFORMANCE RESOURCES NY INC,1
PERIGON INFOTECH INC,1
"PERISCOPIC, INC.",1
"PERSISTENT SYSTEMS, INC.",1
PETADIGIT,1
PHOENIX TECHNOLOGIES LTD.,1
"PHOTON INFOTECH, INC.",1
PINNACLE HEALTHCARE MANAGEMENT INC.,1
"PINNACLE HEALTHCARE, INC.",1
"CDI SOLUTIONS, INC.",1
XEROX CORPORATION,1
VAYU INC,1
PLEXIS HEALTHCARE SYSTEMS,1
POLAR IT SERVICES INC,1
POLLUX CONSULTANCY SERVICES LLC,1
POPULUS GROUP,1
"CBT NUGGETS, LLC",1
CASTORTEK LLC,1
"PORTLAND PRODUCT WERKS, LLC",1
"CASCADE MICROTECH, INC.",1
CAPSUGEL INC.,1
"4MEDICA, INC.",1
"PREMERE REHAB, LLC",1
PRICEWATERHOUSECOOPERS ADVISORY SERVICES LLC,1
CAPITOL DENTAL GROUP,1
"PRIME SOFTWARE TECHNOLOGIES, INC.",1
"PRIME SOLUTIONS, INC.",1
VENSAR TECHNOLOGY INC,1
CAPGEMINI FINANCIAL SERVICES USA INC,1
VERITAS TECHNOLOGIES LLC,1
"VESIGO STUDIOS, LLC",1
PROGRAMMER RESOURCES INTERNATIONAL INC.,1
CALIFORNIA EMERGENCY PHYSICIANS MEDICAL GROUP LLC,1
"PROLIFIQ SOFTWARE, INC.",1
CALIFORNIA EMERGENCY PHYSICIANS MEDICAL GROUP,1
PROPELLER,1
PROPELSYS TECHNOLOGIES LLC,1
"PROSERVE CONSULTING, INC.",1
"ACLAT, INC.",1
"PROTEGE, LLC",1
PROTO DEVELOPMENT INC,1
"CA, INC.",1
"BUSINESS PERFORMANCE MANAGEMENT, NORTHWEST",1
"VESTAS-AMERICAN WIND TECHNOLOGY, INC.",1
"XPO LOGISTICS, INC.",1
PVR AMERICA INC.,1
"PYRAMID TECHNOLOGY SOLUTIONS, INC",1
"BUSINESS PERFORMANCE MANAGEMENT NORTHWEST, INC.",1
"BSI SERVICES AND SOLUTIONS (WEST), INC.",1
"QUALEX CONSULTING SERVICES, INC.",1
QUALITROL COMPANY LLC,1
QUALITY AGENTS LLC,1
"BROCADE COMMUNICATIONS SYSTEMS, INC.",1
"QUANTUM INTEGRATORS GROUP , LLC",1
BRIAN K. KIM CPA P.C.,1
QUESQUARE SOLUTIONS INC,1
"XTGLOBAL, INC.",1
"VIGNA, INC.",1
ACI WORLDWIDE EXPRESS CORPORATION,1
"RAINSWEET, INC.",1
"RAMPS INTERNATIONAL, INC",1
VISION SQUARE INC,1
BODYBUILDING.COM LLC,1
"BLUE STAR INFOTECH AMERICA, INC",1
REED INSTITUTE,1
"RELIABLE SOFTWARE RESOURCES, INC.",1
"BIZCLOUD ANALYTICS, INC.",1
VITIS TERRA VINEYARD SERVICES L.L.C.,1
BIDBUY INC,1
"RESOURCE LOGISTICS, INC.",1
"RESOURCE MANAGEMENT, INC.",1
"4-SERV SOLUTIONS, INC.",1
VOX ASTRA INC,1
"RIMON, P.C.",1
RITE AID CORP.,1
"RJT COMPUQUEST, INC.",1
"ROCKWELL COLLINS, INC.",1
"ROHDE & SCHWARZ USA, INC.",1
"RRC POWER & ENERGY, LLC",1
RWALTZ SOFTWARE SERVICES GROUP INC,1
"RYLEE TECHNOLOGIES, INC.",1
RYZEN SOLUTIONS,1
ACCESS TECHNOLOGY SOLUTIONS INC,1
SAI BUSINESS SOLUTIONS LLC.,1
SAIBERSYS INC,1
"BESTCARE TREATMENT SERVICES, INC.",1
BENTON COUNTY DEVELOPMENTAL DIVERSITY PROGRAM,1
"SALESFORCE, INC.",1
"BENTLEY SYSTEMS, INCORPORATED",1
"BENDTEL, INC",1
"VTECH COMMUNICATIONS, INC.",1
VUEGEN TECHNOLOGIES INC.,1
SANVY SYSTEMS INC,1
SANVY SYSTEMS INC.,1
"BARHYTE SPECIALTY FOODS, INC.",1
BANK OF AMERICA N.A.,1
"VUEGEN TECHNOLOGIES, INC",1
"W-H-I-P SYSTEMS, LLC",1
SARANSH INC,1
BAKERPEDIA LLC,1
"BAKER CONSULTING GROUP, LLP, WA STATE LD LIABILITY PARTNERSHIP",1
SATURN TECH LLC,1
"SAVI TECHNOLOGIES, INC",1
SAVIN TECHNOLOGIES INC,1
SBASE TECHNOLOGIES INC,1
SCEPTER TECHNOLOGIES INC,1
"SCHNEIDER ELECTRIC USA, INC.",1
SELA SEMICONDUCTOR ENGINEERING LABORATORIES USA INC,1
W.M. RICE UNIVERSITY,1
"W/H/I/P SYSTEMS, LLC",1
ACCENZ LLC,1
"SHIVAM INFOTECH, INC",1
"SHRAV, INC.",1
BAANYAN SOFTWARE SERVICES,1
BA TECHNOLINKS CORP,1
SILICON LABORATORIES INC.,1
"SILICON STAFF IT SERVICES, INC.",1
"W3GLOBAL, INC.",1
ACCENTCARE INC.,1
WACOM TECHNOLOGY SERVICES,1
"B.D. CUISINE, LLC",1
"SISKIYOU CLINIC, LLP",1
"SIVEES, INC",1
SIXIN NORTH AMERICA INC.,1
"SK BETA, LLC DBA: MICROEON",1
"SKORUZ TECHNOLOGIES, INC",1
"AUDIO PRECISION, INC.",1
SMALLBOARD.COM,1
SMARC SOLUTIONS INC,1
WAGGENER EDSTROM WORLDWIDE INC,1
ATRI SOFTECH INC,1
SMITH SPORT OPTICS INC.,1
"ATOS IT SOLUTIONS AND SERVICES, INC.",1
SOFTHQ INC.,1
"SOFTLABS NA, INC",1
ATHENA TECHNOLOGY INC,1
ZILLION TECHNOLOGIES INC.,1
WALKER MACY LLC,1
"SOFTWARE GALAXY SYSTEMS, LLC",1
WAYNSYS INC,1
"SOFTWARE TECHNOLOGY GROUP, INC.",1
"SOFTWARE TECHNOLOGY, INC.",1
Z AND A INFOTEK CORPORATION,1
SONY COMPUTER ENTERTAINMENT AMERICA LLC,1
SOUTHERN COOS HEALTH DISTRICT,1
"ASTOGRAPH, INC.",1
SOUTHERN OREGON RHEUMATOLOGY CLINIC,1
SOUTHERN OREGON UNIVERSITY,1
"SOUTHERN WINE & SPIRITS OF AMERICA, INC.",1
SPARTA CONSULTING INC.,1
ASPEN ML LLC,1
WEBMD LLC,1
"SRI TECH SOLUTIONS, INC.",1
SRIVEN INFOSYS INC,1
ST. ANTHONY HOSPITAL - PENDLETON,1
"ST. MARY'S OF MEDFORD, INC.",1
"ASM AMERICA, INC.",1
WESTERN OREGON UNIVERSITY,1
STEM XPERT LLC,1
"WHERESCAPE USA, INC.",1
"STRATEGIC RESOURCES INTERNATIONAL, INC",1
"STRATEGIC RESOURCES INTERNATIONAL, INC.",1
"SUGAMO ADVANCE SCHOOL, LLC",1
ARKSTEK INC,1
"SULZER PUMPS (US), INC.",1
SULZER PUMPS US INC,1
AR SOLUTIONS INC,1
"WHPACIFIC, INC.",1
"SUN SOFT TECHNOLOGIES, INC",1
ABEINSA EPC LLC,1
WILLAMETTE FAMILY MEDICAL CENTER,1
SURVEYMONKEY INC.,1
AQUILASYS INC,1
APTION LLC,1
APPLIED COMPUTER TECHNIQUES,1
"SYNCHRONISYS, INC.",1
"SYNCRON, INC.",1
SYNERGY GLOBAL TECHNOLOGIES INC.,1
APPLEXUS TECHNOLOGIES LLC,1
APPLE INC.,1
"APEX TECHNOLOGY GROUP, INC.",1
APEX CLEARING CORPORATION,1
"SYSINTELLI, INC",1
"ANTUIT, INC.",1
ANJANEYAP INC.,1
"WILLAMETTE VALLEY CLINICS, LLC",1
"ANALOG DEVICES, INC.",1
"AMPCUS, INC.",1
AMERISOFT CORPORATION,1
"AMERICAN TECHNOLOGY CONSULTING, LLC",1
AMERICAN INFORMATION TECHNOLOGY CORPORATION,1
AM LOGIC CORPORATION,1
TECHASPECT SOLUTIONS INC,1
"TECHNODRIVE BUSINESS SOLUTIONS, INC",1
TECHNOLOGY CONSULTANTS INC,1
ALREK BUSINESS SOLUTIONS INC.,1
TECHNOVATORS INC.,1
ALLIED SYSTEMS COMPANY,1
TEK ERP LLC,1
TEK LEADERS INC,1
TEKNEST INC,1
TEKSKILLS INC.,1
TEKSOFT SYSTEMS INC,1
TEKSTROM INC,1
"ALBINA HEAD START, INC.",1
"TELECOM TECHNOLOGY SERVICES, INC",1
"FUJITSU AMERICA, INC.",1
"TELECOM TECHNOLOGY SERVICES, INC.",1
"G & L INTERNATIONAL, INC.",1
"TELNET, INC.",1
"GALAXY I TECHNOLOGIES, INC.",1
GATEWAY GROUP TECHNOLOGIES INC.,1
GATEWAY TO COLLEGE NATIONAL NETWORK,1
"TENREC, INC.",1
GBD ARCHITECTS INCORPORATED,1
GEL LOGISTICS INC,1
"3K TECHNOLOGIES, LLC",1
"WININFOSYS, INC.",1
GENERIC NETWORK SYSTEMS LLC,1
"GENESIS FINANCIAL SOLUTIONS, INC.",1
GENTLE DENTAL OF OREGON PC,1
"GENTLE DENTAL OF OREGON, PC",1
"TETHY OCEAN, INC.",1
9WOOD INC.,1
"GEORGIA-PACIFIC CONSUMER PRODUCTS, LP",1
GERMAN-AMERICAN SCHOOL OF PORTLAND,1
GLOBAL INFOTECH CORPORATION,1
FUJIMI CORPORATION,1
FRESCO LOGIC INC.,1
"GLOBANT, LLC",1
"GOLD DUST POTATO PROCESSORS, INC.",1
GOMIAPP LLC,1
"THE CADMUS GROUP, INC.",1
"GRACE BIO-LABS, INC.",1
GRANDE RONDE HOSPITAL,1
"GRAPHIC PRODUCTS, INC.",1
GRAYBOX LLC,1
"GREAT CHEER (AMERICA), INC.",1
"GREAT SOFTWARE LABORATORY, INC.",1
THE FOUNTAIN GROUP LLC,1
"GREENBYTE TECHNOLOGIES, LLC",1
"GREENCO INTERNATIONAL, INC.",1
GSM SOFTWARE TECHNOLOGIES INC,1
THE INTERNATIONAL SCHOOL,1
"FREEWAY E AUTO, INC.",1
"FORTUNE PLASTIC & METAL MOUNTAIN STATES, LLC",1
THE PENNSYLVANIA STATE UNIVERSITY,1
"THE UNDERGROUND, LLC",1
"HARMAN CONNECTED SERVICES, INC.",1
HB LONGLEY LLC,1
HBF INTERNATIONAL LLC,1
"FISHER ROSEMOUNT SYSTEMS, INC.",1
FIRST TEK  INC.,1
"THE UNITED SOLUTIONS GROUP, INC.",1
"FIRST CALL RESOLUTION, LLC",1
"HEALTH SERVICES GROUP, INC.",1
FAST ENTERPRISES LLC,1
HEALTHY LIVING AT HOME,1
HEWLETT PACKARD ENTERPRISE COMPANY,1
"THELADDERS.COM, INC.",1
FARADAY TECHNOLOGY CORP.,1
HILLSOFT BUSINESS SOLUTIONS LLC,1
HINDUJA TECH INC.,1
"ALBERTSON'S, LLC",1
"EXPERIS US, INC.",1
EVRAZ INC. NA,1
"EVEREST CONSULTING GROUP, INC.,",1
HOLIDAY AL MANAGEMENT SUB LLC,1
HOLLINGSWORTH & VOSE COMPANY,1
"EVEREST CONSULTANTS, INC.",1
ZUVEN TECHNOLOGIES INC,1
EUCLID INNOVATIONS INC.,1
"ETEST IT, INC.",1
ETEAM INC,1
THINGS DELIVERY TECH LLC,1
"ALACRITY RENOVATION SERVICES, LLC",1
THOUGHTWAVE SOFTWARE AND SOLUTIONS INC,1
"HUGE, LLC",1
"HUMETIS TECHNOLOGIES, INC.",1
"ESSIEH AND ASSOCIATES, INC. INFORMATION SYSTEMS",1
"HYSTER-YALE GROUP, INC.",1
"I&I SOFTWARE, INC.",1
"I-TEN ASSOCIATES, INC.",1
"I2 IT SOLUTIONS, INC.",1
"THOUGHTWAVE SOFTWARE AND SOLUTIONS, INC.",1
IAV AUTOMOTIVE ENGINEERING INC.,1
IBE ELECTRONICS USA LLC,1
"ERP LOGIC, LLC.",1
ERIKSEN TRANSLATIONS INC.,1
"ICHOR SYSTEMS, INC.",1
"ERGONEERS OF NORTH AMERICA, INC.",1
"EPIS, INC.",1
ICORE INFOTECH INC,1
"IDATALYTICS, LLC",1
IDENTITY THEFT GUARD SOLUTIONS LLC,1
IFLOWSOFT SOLUTIONS INC.,1
IGATE TECHNOLOGIES INC.,1
"IGRAFX, LLC",1
"IKKON GROUP, INC.",1
TIGARD-TUALATIN SCHOOL DISTRICT,1
IMATRIX CORP,1
"INBIZ CONCEPTS, INC.",1
"INDSOFT, INC.",1
"INDUS VALLEY CONSULTANTS, INC.",1
"INDUSTRIAL ECOLOGY RESEARCH SERVICES, LLC",1
"INFOBAHN SOFTWORLD, INC",1
"INFODRIVE SYSTEMS, LLC",1
INFOGAIN CORPORATION,1
INFOGROUP INC,1
INFOGROUP INC.,1
"INFOLOB SOLUTIONS, INC.",1
"AKT, LLC.",1
EPIQ CLASS ACTION AND CLAIM SOLUTIONS INC.,1
TORQUE TECHNOLOGIES LLC,1
"ENGINEERING TECHNOLOGY ASSOCIATES, INC.",1
EMETEORS INC,1
"INSTITUTE FOR ENVIRONMENTAL HEALTH, INC.",1
INSTRUMENT MARKETING INC.,1
"EMBEREX, INC.",1
ELITE INNOVATIVE SOLUTIONS INC,1
ELEMENT TECHNOLOGIES INC.,1
"ELECTRICAL GEODESICS, INC.",1
"INTEL FEDERAL,LLC",1
ELDERS IN ACTION,1
EGEN SOLUTIONS INC.,1
INTELIZIGN SOLUTIONS LLC,1
"INTELLECT BUSINESS SOLUTIONS, LLC",1
"AJINOMOTO WINDSOR, INC.",1
"INTERACTIVE COMMUNICATIONS INTERNATIONAL, INC.",1
"INTERFACE ENGINEERING, INC.",1
INTERNATIONAL LEADERSHIP ACADEMY,1
"INTERPRO, INC.",1
"INTO OREGON STATE UNIVERSITY, INC.",1
INTONE NETWORKS INC.,1
